id,first_name,last_name,full_name,country,ranking,ranking_points
89304,Novak,Djokovic,Novak Djokovic,Serbia,4,6210
86928,Rafael,Nadal,Rafael Nadal,Spain,153,380
342990,Alexander,Zverev,Alexander Zverev,Germany,3,6805
91668,Potro,Del,Potro Del,Argentina,265,230
93378,Kevin,Anderson,Kevin Anderson,South Africa,104,597
86064,Roger,Federer,Roger Federer,Switzerland,97,600
94410,Kei,Nishikori,Kei Nishikori,Japan,140,418
262500,Dominic,Thiem,Dominic Thiem,Austria,317,162
96732,John,Isner,John Isner,USA,332,155
92334,Marin,Cilic,Marin Cilic,Croatia,201,288
540492,Karen,Khachanov,Karen Khachanov,Russia,21,2225
734208,Stefanos,Tsitsipas,Stefanos Tsitsipas,Greece,11,3325
387492,Borna,Coric,Borna Coric,Croatia,95,620
108678,Milos,Raonic,Milos Raonic,Canada,239,240
92616,Fabio,Fognini,Fabio Fognini,Italy,79,721
981036,Daniil,Medvedev,Daniil Medvedev,Russia,5,5230
346230,Lucas,Pouille,Lucas Pouille,France,97,616
100332,Agut,Bautista,Agut Bautista,Spain,46,1171
267306,Marco,Cecchinato,Marco Cecchinato,Italy,371,130
291606,Diego,Schwartzman,Diego Schwartzman,Argentina,366,131
155040,David,Goffin,David Goffin,Belgium,50,1080
157236,Nikoloz,Basilashvili,Nikoloz Basilashvili,Georgia,311,166
244812,Busta,Carreno,Busta Carreno,Spain,203,286
141498,Grigor,Dimitrov,Grigor Dimitrov,Bulgaria,9,3740
707508,Denis,Shapovalov,Denis Shapovalov,Canada,80,718
86940,Fernando,Verdasco,Fernando Verdasco,Spain,461,94
86496,Richard,Gasquet,Richard Gasquet,France,133,452
1207446,Minaur,De,Minaur De,Australia,10,3725
392304,Kyle,Edmund,Kyle Edmund,United Kingdom,350,139
606618,Frances,Tiafoe,Frances Tiafoe,USA,17,2585
88428,Gilles,Simon,Gilles Simon,France,464,90
87756,Philipp,Kohlschreiber,Philipp Kohlschreiber,Germany,420,106
89076,Gael,Monfils,Gael Monfils,France,53,1015
230970,Steve,Johnson,Steve Johnson,USA,386,125
94986,Jeremy,Chardy,Jeremy Chardy,France,474,78
198702,John,Millman,John Millman,Australia,484,85
88650,Andreas,Seppi,Andreas Seppi,Italy,498,73
95910,Martin,Klizan,Martin Klizan,Slovakia,307,169
226722,Joao,Sousa,Joao Sousa,Portugal,466,90
816264,Taylor,Fritz,Taylor Fritz,USA,6,4335
537804,Nicolas,Jarry,Nicolas Jarry,Chile,37,1365
235416,Dusan,Lajovic,Dusan Lajovic,Serbia,72,746
95130,Malek,Jaziri,Malek Jaziri,Tunisia,495,77
267330,Pierre,Herbert,Pierre Herbert,France,124,483
98466,Matthew,Ebden,Matthew Ebden,Australia,468,79
95376,Adrian,Mannarino,Adrian Mannarino,France,58,929
286632,Marton,Fucsovics,Marton Fucsovics,Hungary,88,664
91818,Sam,Querrey,Sam Querrey,USA,444,97
93402,Leonardo,Mayer,Leonardo Mayer,Argentina,470,75
499278,Hyeon,Chung,Hyeon Chung,South Korea,499,67
278358,Jan,Struff,Jan Struff,Germany,42,1265
295044,Damir,Dzumhur,Damir Dzumhur,Bosnia & Herzegovina,103,591
676710,Matteo,Berrettini,Matteo Berrettini,Italy,36,1370
96264,Robin,Haase,Robin Haase,Netherlands,488,83
100110,Mikhail,Kukushkin,Mikhail Kukushkin,Kazakhstan,110,541
97974,Marius,Copil,Marius Copil,Romania,490,82
87300,Stan,Wawrinka,Stan Wawrinka,Switzerland,149,393
133320,Benoit,Paire,Benoit Paire,France,282,188
219582,Denis,Kudla,Denis Kudla,USA,217,259
146520,Guido,Pella,Guido Pella,Argentina,347,145
526152,Jordan,Thompson,Jordan Thompson,Australia,28,1571
97176,Peter,Gojowczyk,Peter Gojowczyk,Germany,457,96
86802,Feliciano,Lopez,Feliciano Lopez,Spain,467,90
575622,Cameron,Norrie,Cameron Norrie,United Kingdom,56,954
228144,Aljaz,Bedene,Aljaz Bedene,Slovenia,438,100
355698,Yoshihito,Nishioka,Yoshihito Nishioka,Japan,64,839
374952,Nick,Kyrgios,Nick Kyrgios,Australia,470,90
96078,Mischa,Zverev,Mischa Zverev,Germany,459,76
291804,Taro,Daniel,Taro Daniel,Japan,78,724
283782,Guido,Andreozzi,Guido Andreozzi,Argentina,485,83
100944,Vinolas,Ramos,Vinolas Ramos,Spain,141,415
137832,Filip,Krajinovic,Filip Krajinovic,Serbia,493,81
953388,Hubert,Hurkacz,Hubert Hurkacz,Poland,14,2810
306858,Baena,Carballes,Baena Carballes,Spain,54,980
220080,Tennys,Sandgren,Tennys Sandgren,USA,423,105
429972,Maximilian,Marterer,Maximilian Marterer,Germany,137,430
211014,Federico,Delbonis,Federico Delbonis,Argentina,392,123
87174,Ivo,Karlovic,Ivo Karlovic,Croatia,494,71
87072,Tomáš,Berdych,Tomáš Berdych,Czech Republic,104,550
758148,Jaume,Munar,Jaume Munar,Spain,62,847
535932,Ilya,Ivashka,Ilya Ivashka,Belarus,448,100
380640,Mackenzie,Mcdonald,Mackenzie Mcdonald,USA,118,502
92604,Pablo,Andujar,Pablo Andujar,Spain,360,136
94362,Ernests,Gulbis,Ernests Gulbis,Latvia,426,105
99102,Thomas,Fabbiano,Thomas Fabbiano,Italy,482,79
102492,Bernard,Tomic,Bernard Tomic,Australia,207,279
230460,Bradley,Klahn,Bradley Klahn,USA,492,73
583398,Laslo,Djere,Laslo Djere,Serbia,129,464
342138,Jozef,Kovalik,Jozef Kovalik,Slovakia,128,466
267294,Radu,Albot,Radu Albot,Moldova,143,409
1112340,Ugo,Humbert,Ugo Humbert,France,18,2385
94746,Pablo,Cuevas,Pablo Cuevas,Uruguay,455,92
137412,Ryan,Harrison,Ryan Harrison,USA,455,81
100686,Vasek,Pospisil,Vasek Pospisil,Canada,486,84
387432,Cristian,Garin,Cristian Garin,Chile,147,402
102114,Evgeny,Donskoy,Evgeny Donskoy,Russia,457,90
251154,Jiri,Vesely,Jiri Vesely,Czechia,337,147
782412,Reilly,Opelka,Reilly Opelka,USA,295,177
108408,Mirza,Basic,Mirza Basic,Bosnia & Herzegovina,452,95
640542,Andrey,Rublev,Andrey Rublev,Russia,7,4070
107940,Pedro,Sousa,Pedro Sousa,Portugal,497,81
109302,Prajnesh,Gunneswaran,Prajnesh Gunneswaran,India,493,81
87918,Lopez,Garcia,Lopez Garcia,Spain,487,67
137748,Ricardas,Berankis,Ricardas Berankis,Lithuania,326,157
94470,Denis,Istomin,Denis Istomin,Uzbekistan,495,75
1152090,Aliassime,Auger,Aliassime Auger,Canada,27,1680
285630,Thiago,Monteiro,Thiago Monteiro,Brazil,100,606
248238,Jack,Sock,Jack Sock,USA,485,88
93420,Marcel,Granollers,Marcel Granollers,Spain,416,98
788664,Michael,Mmoh,Michael Mmoh,USA,222,255
946860,Lloyd,Harris,Lloyd Harris,South Africa,131,457
283794,Juan,Londero,Juan Londero,Argentina,474,85
629094,Lorenzo,Sonego,Lorenzo Sonego,Italy,52,1022
89496,Paolo,Lorenzi,Paolo Lorenzi,Italy,497,71
380688,Jason,Jung,Jason Jung,Chinese Taipei,459,94
501978,Elias,Ymer,Elias Ymer,Sweden,297,174
231114,Marco,Trungelliti,Marco Trungelliti,Argentina,136,433
1191564,Miomir,Kecmanovic,Miomir Kecmanovic,Serbia,55,965
343746,Hugo,Dellien,Hugo Dellien,Bolivia,122,484
608802,Jared,Donaldson,Jared Donaldson,USA,369,55
97056,Peter,Polansky,Peter Polansky,Canada,421,97
526080,Yannick,Maden,Yannick Maden,Germany,496,65
217812,Stefano,Travaglia,Stefano Travaglia,Italy,191,306
771324,Alexei,Popyrin,Alexei Popyrin,Australia,24,1775
96252,Maceiras,Menendez,Maceiras Menendez,Spain,491,78
715500,Casper,Ruud,Casper Ruud,Norway,8,3855
94836,Lukas,Lacko,Lukas Lacko,Slovakia,499,67
88644,Marcos,Baghdatis,Marcos Baghdatis,Cyprus,179,279
350226,Alex,Bolt,Alex Bolt,Australia,178,329
238368,Jason,Kubler,Jason Kubler,Australia,462,96
332574,Bjorn,Fratangelo,Bjorn Fratangelo,USA,463,89
102036,Ruben,Bemelmans,Ruben Bemelmans,Belgium,461,81
353274,Ramkumar,Ramanathan,Ramkumar Ramanathan,India,298,173
427692,Thanasi,Kokkinakis,Thanasi Kokkinakis,Australia,87,671
89334,Carlos,Berlocq,Carlos Berlocq,Argentina,345,112
89430,Sergiy,Stakhovsky,Sergiy Stakhovsky,Ukraine,385,108
544800,Quentin,Halys,Quentin Halys,France,90,653
91872,Simone,Bolelli,Simone Bolelli,Italy,500,65
96534,Silva,Dutra,Silva Dutra,Brazil,488,76
97728,Lukas,Rosol,Lukas Rosol,Czech Republic,394,122
107766,Tatsuma,Ito,Tatsuma Ito,Japan,479,73
102120,Henri,Laaksonen,Henri Laaksonen,Switzerland,380,125
1050096,Corentin,Moutet,Corentin Moutet,France,70,764
91398,Matthias,Bachinger,Matthias Bachinger,Germany,484,76
568494,Antoine,Hoang,Antoine Hoang,France,499,81
376752,Constant,Lestienne,Constant Lestienne,France,196,296
229110,Facundo,Bagnis,Facundo Bagnis,Argentina,135,434
86436,David,Ferrer,David Ferrer,Spain,224,220
261540,Jurgen,Zopp,Jurgen Zopp,Estonia,442,71
390108,Noah,Rubin,Noah Rubin,USA,493,73
137814,Yuki,Bhambri,Yuki Bhambri,India,451,20
303774,Gianluigi,Quinzi,Gianluigi Quinzi,Italy,497,74
107004,Luca,Vanni,Luca Vanni,Italy,451,81
355836,Dennis,Novak,Dennis Novak,Austria,376,128
402936,Gregoire,Barrere,Gregoire Barrere,France,155,378
652266,Kamil,Majchrzak,Kamil Majchrzak,Poland,116,506
1185108,Christopher,Eubanks,Christopher Eubanks,USA,119,501
99054,Yuichi,Sugita,Yuichi Sugita,Japan,477,73
287862,Yannick,Hanfmann,Yannick Hanfmann,Germany,93,627
776220,Dominik,Koepfer,Dominik Koepfer,Germany,86,676
295710,Egor,Gerasimov,Egor Gerasimov,Belarus,333,150
463350,Pedro,Martinez,Pedro Martinez,Spain,41,1270
98262,Daniel,Evans,Daniel Evans,United Kingdom,163,364
398832,Brayden,Schnur,Brayden Schnur,Canada,413,99
374436,Oscar,Otte,Oscar Otte,Germany,402,117
505530,Filippo,Baldi,Filippo Baldi,Italy,490,74
101010,Alessandro,Giannessi,Alessandro Giannessi,Italy,418,108
484002,Marc,Polmans,Marc Polmans,Australia,218,258
355872,Salvatore,Caruso,Salvatore Caruso,Italy,475,92
278352,Yasutaka,Uchiyama,Yasutaka Uchiyama,Japan,139,423
980892,Alexander,Bublik,Alexander Bublik,Kazakhstan,33,1460
307950,Darian,King,Darian King,Barbados,495,80
438108,Pedja,Krstin,Pedja Krstin,Serbia,497,66
446646,Nikola,Milojevic,Nikola Milojevic,Serbia,494,80
96354,Andrea,Arnaboldi,Andrea Arnaboldi,Italy,457,92
500394,Sebastian,Ofner,Sebastian Ofner,Austria,83,704
194808,Hiroki,Moriya,Hiroki Moriya,Japan,407,114
232770,Roberto,Quiroz,Roberto Quiroz,Ecuador,478,84
314784,Alexey,Vatutin,Alexey Vatutin,Russia,321,161
99330,James,Ward,James Ward,United Kingdom,390,107
146502,Andrej,Martin,Andrej Martin,Slovakia,487,78
1254630,Rudolf,Molleker,Rudolf Molleker,Germany,240,239
943824,Yosuke,Watanuki,Yosuke Watanuki,Japan,273,194
87888,Gilles,Müller,Gilles Müller,Luxembourg,464,18
98148,Daniel,Brands,Daniel Brands,Germany,492,59
92820,Viktor,Troicki,Viktor Troicki,Serbia,360,120
95586,Tim,Smyczek,Tim Smyczek,USA,499,65
451434,Mats,Moraing,Mats Moraing,Germany,459,91
88776,Traver,Gimeno,Traver Gimeno,Spain,477,79
96972,Horacio,Zeballos,Horacio Zeballos,Argentina,476,15
152754,Aleksandr,Nedovyesov,Aleksandr Nedovyesov,Kazakhstan,419,99
252924,Stefano,Napolitano,Stefano Napolitano,Italy,164,364
268266,Facundo,Arguello,Facundo Arguello,Argentina,493,75
912300,Mikael,Ymer,Mikael Ymer,Sweden,478,90
329742,Kimmer,Coppejans,Kimmer Coppejans,Belgium,417,110
87060,Nicolas,Mahut,Nicolas Mahut,France,495,65
1200966,Jurij,Rodionov,Jurij Rodionov,Austria,202,288
831288,Tommy,Paul,Tommy Paul,USA,12,3180
355956,Adam,Pavlasek,Adam Pavlasek,Czech Republic,494,76
252186,Mohamed,Safwat,Mohamed Safwat,Egypt,468,87
87450,Stéphane,Robert,Stéphane Robert,France,409,32
229662,Greef,De,Greef De,Belgium,500,69
94434,Donald,Young,Donald Young,USA,491,66
86022,Tommy,Robredo,Tommy Robredo,Spain,385,109
152742,Blaz,Rola,Blaz Rola,Slovenia,490,87
482958,Ernesto,Escobedo,Ernesto Escobedo,Mexico,458,90
416712,Matteo,Donati,Matteo Donati,Italy,468,64
230346,Ze,Zhang,Ze Zhang,China,480,78
313668,Mitchell,Krueger,Mitchell Krueger,USA,144,407
90552,Jo,Tsonga,Jo Tsonga,France,297,168
734220,Tallon,Griekspoor,Tallon Griekspoor,Netherlands,39,1320
1186866,Jay,Clarke,Jay Clarke,United Kingdom,250,223
343974,Joao,Domingues,Joao Domingues,Portugal,497,77
102240,John,Smith,John Smith,Australia,461,78
97704,Blaz,Kavcic,Blaz Kavcic,Slovenia,482,70
150156,Sergio,Gutiérrez-Ferrol,Sergio Gutiérrez-Ferrol,Spain,497,58
94446,Go,Soeda,Go Soeda,Japan,485,76
95760,Tobias,Kamke,Tobias Kamke,Germany,496,67
233460,Filip,Horansky,Filip Horansky,Slovakia,435,102
487638,Calvin,Hemery,Calvin Hemery,France,234,243
311028,Marcelo,Arevalo,Marcelo Arevalo,El Salvador,498,73
645762,Maxime,Janvier,Maxime Janvier,France,247,225
96888,Thomaz,Bellucci,Thomaz Bellucci,Brazil,457,79
417012,Gianluca,Mager,Gianluca Mager,Italy,226,251
90768,Andy,Murray,Andy Murray,United Kingdom,158,368
141996,Federico,Gaio,Federico Gaio,Italy,487,81
291768,Lorenzo,Giustino,Lorenzo Giustino,Italy,275,193
552456,Daniel,Galan,Daniel Galan,Colombia,112,519
600594,Gian,Moroni,Gian Moroni,Italy,393,119
355920,Viktor,Galovic,Viktor Galovic,Croatia,463,75
795360,Zdenek,Kolar,Zdenek Kolar,Czechia,417,111
219570,Kevin,Krawietz,Kevin Krawietz,,13,35
95598,Dustin,Brown,Dustin Brown,Germany,365,108
107922,Guilherme,Clezar,Guilherme Clezar,Brazil,484,72
944748,Fokina,Davidovich,Fokina Davidovich,Spain,61,860
585894,Soonwoo,Kwon,Soonwoo Kwon,South Korea,339,145
96414,Thiemo,de Bakker,Thiemo de Bakker,Netherlands,480,63
297972,Filip,Peliwo,Filip Peliwo,Poland,459,98
238278,James,Duckworth,James Duckworth,Australia,77,731
91812,Dudi,Sela,Dudi Sela,Israel,463,80
562182,Duckhee,Lee,Duckhee Lee,South Korea,423,95
312402,Christian,Harrison,Christian Harrison,USA,472,86
296166,Gleb,Sakharov,Gleb Sakharov,France,470,65
306876,Perez,Lopez,Perez Lopez,Spain,367,109
396528,Nicolas,Kicker,Nicolas Kicker,Argentina,372,129
95160,Gastao,Elias,Gastao Elias,Portugal,304,170
254286,Marcos,Giron,Marcos Giron,USA,49,1105
1171500,Nicola,Kuhn,Nicola Kuhn,Germany,345,142
102054,Uladzimir,Ignatik,Uladzimir Ignatik,Belarus,492,70
319110,Cem,Ilkel,Cem Ilkel,Türkiye,465,88
93192,Santiago,Giraldo,Santiago Giraldo,Colombia,434,94
446658,Enzo,Couacaud,Enzo Couacaud,France,208,277
307866,Subervi,Cid,Subervi Cid,Dominican Republic,426,105
248850,Schepper,De,Schepper De,France,490,82
300846,Norbert,Gombos,Norbert Gombos,Slovakia,430,101
146484,Gerald,Melzer,Gerald Melzer,Austria,491,87
535896,Jc,Aragone,Jc Aragone,USA,486,69
145866,Attila,Balazs,Attila Balazs,Hungary,356,119
540672,Nino,Serdarusic,Nino Serdarusic,Croatia,456,90
389532,Saketh,Myneni,Saketh Myneni,India,467,82
320910,Daniel,Masur,Daniel Masur,Germany,274,194
262488,Zhe,Li,Zhe Li,China,432,89
566922,Benjamin,Bonzi,Benjamin Bonzi,France,126,473
144030,Matteo,Viola,Matteo Viola,Italy,490,70
286746,Maverick,Banes,Maverick Banes,Australia,498,62
271584,Dennis,Novikov,Dennis Novikov,USA,398,37
381864,Thai,Kwiatkowski,Thai Kwiatkowski,USA,375,128
329430,Evgeny,Karlovskiy,Evgeny Karlovskiy,Russia,420,108
495486,Kaichi,Uchida,Kaichi Uchida,Japan,364,133
314346,Scott,Griekspoor,Scott Griekspoor,Netherlands,469,65
486546,Johan,Tatlot,Johan Tatlot,France,486,76
350238,Mathias,Bourgue,Mathias Bourgue,France,433,100
1160580,Fernandez,Hernandez,Fernandez Hernandez,Dominican Republic,500,69
428028,Martinez,Vilella,Martinez Vilella,Spain,387,107
472770,Lucas,Miedler,Lucas Miedler,Austria,462,90
651402,Miralles,Zapata,Miralles Zapata,Spain,283,187
443934,Pedro,Cachin,Pedro Cachin,Argentina,290,181
597534,Yunseong,Chung,Yunseong Chung,South Korea,494,82
814728,Elliot,Benchetrit,Elliot Benchetrit,Morocco,492,82
747960,Max,Purcell,Max Purcell,Australia,94,621
214938,Laurynas,Grigelis,Laurynas Grigelis,Lithuania,454,88
346566,Goncalo,Oliveira,Goncalo Oliveira,Venezuela,269,198
102108,Tsung,Yang,Tsung Yang,Chinese Taipei,494,72
327450,Federico,Coria,Federico Coria,Argentina,104,588
141600,Roberto,Marcora,Roberto Marcora,Italy,500,67
307122,Danilo,Petrovic,Danilo Petrovic,Serbia,428,89
283788,Olmedo,Ortega,Olmedo Ortega,Spain,487,71
651366,Carlos,Taberner,Carlos Taberner,Spain,195,298
633654,Jan,Choinski,Jan Choinski,United Kingdom,188,314
86562,Jurgen,Melzer,Jurgen Melzer,Austria,35,3
1262886,Jeffrey,Wolf,Jeffrey Wolf,USA,231,243
707208,Sasikumar,Mukund,Sasikumar Mukund,India,367,131
499590,Akira,Santillan,Akira Santillan,Australia,496,82
246288,Tomislav,Brkic,Tomislav Brkic,Bosnia & Herzegovina,106,40
484362,Collin,Altamirano,Collin Altamirano,USA,477,81
319290,Kevin,King,Kevin King,USA,488,68
347322,Alexander,Sarkissian,Alexander Sarkissian,USA,486,73
526860,Mikael,Torpegaard,Mikael Torpegaard,Denmark,491,68
251280,Ante,Pavic,Ante Pavic,,109,28
286596,Liam,Broady,Liam Broady,United Kingdom,497,78
271560,Loore,De,Loore De,Belgium,332,153
286614,Tristan,Lamasine,Tristan Lamasine,France,446,96
143406,Evan,King,Evan King,USA,477,76
826872,Ulises,Blanch,Ulises Blanch,USA,458,97
262578,Andrea,Collarini,Andrea Collarini,Argentina,206,282
92814,Aldin,Setkic,Aldin Setkic,Bosnia & Herzegovina,488,74
217800,Steven,Diez,Steven Diez,Canada,462,93
229680,Martin,Cuevas,Martin Cuevas,Uruguay,487,79
1165128,Yibing,Wu,Yibing Wu,China,410,113
99720,Victor,Estrella Burgos,Victor Estrella Burgos,Dominican Republic,412,31
431712,Sebastian,Fanselow,Sebastian Fanselow,Germany,409,114
334734,Renzo,Olivo,Renzo Olivo,Argentina,336,148
90600,Steve,Darcis,Steve Darcis,Belgium,455,81
1197978,Mate,Valkusz,Mate Valkusz,Hungary,477,85
338178,Jelle,Sels,Jelle Sels,Netherlands,292,179
101844,Herrera,Gomez,Herrera Gomez,Spain,496,68
98958,Vincent,Millot,Vincent Millot,France,339,72
308418,Evan,Song,Evan Song,USA,499,63
1219560,Pavel,Kotov,Pavel Kotov,Russia,73,745
305094,Denis,Yevseyev,Denis Yevseyev,Kazakhstan,220,256
138348,Di,Wu,Di Wu,China,368,126
364140,Vaclav,Safranek,Vaclav Safranek,Czech Republic,499,71
290796,Tak Khunn,Wang,Tak Khunn Wang,France,454,69
403836,Dragos,Dima,Dragos Dima,Romania,389,95
797016,Vera,Barrios,Vera Barrios,Chile,170,344
337782,Lara,Ojeda,Lara Ojeda,Spain,500,73
398916,Silva,Ferreira,Silva Ferreira,Portugal,394,118
277566,Maximilian,Neuchrist,Maximilian Neuchrist,Austria,473,90
88404,Frank,Dancevic,Frank Dancevic,Canada,406,33
157230,Emilio,Gomez,Emilio Gomez,Ecuador,500,80
749592,Roman,Safiullin,Roman Safiullin,Russia,59,888
1201578,Roy,Smith,Roy Smith,USA,317,127
306066,Dimitar,Kuzmanov,Dimitar Kuzmanov,Bulgaria,382,127
102288,Rubin,Statham,Rubin Statham,New Zealand,455,95
481278,Bradley,Mousley,Bradley Mousley,Australia,427,28
462054,Stefan,Kozlov,Stefan Kozlov,USA,340,145
97962,Alejandro,Gonzalez,Alejandro Gonzalez,Colombia,499,64
561594,Andrea,Pellegrino,Andrea Pellegrino,Italy,257,210
749508,Borna,Gojo,Borna Gojo,Croatia,448,95
91686,David,Guez,David Guez,France,472,15
226830,Purkiss,Boluda,Purkiss Boluda,Spain,498,61
934116,Renta,Tokuda,Renta Tokuda,Japan,475,74
269778,Miljan,Zekic,Miljan Zekic,Serbia,409,111
533964,Alexandre,Muller,Alexandre Muller,France,68,790
433500,Juan,Varillas,Juan Varillas,Peru,205,282
374940,Andrew,Harris,Andrew Harris,Australia,434,89
1065876,Yusuke,Takahashi,Yusuke Takahashi,Japan,472,89
205602,Dayne,Kelly,Dayne Kelly,Australia,469,87
789408,Sumit,Nagal,Sumit Nagal,India,84,697
313770,Tim,Puetz,Tim Puetz,Germany,469,16
870792,Alex,Molcan,Alex Molcan,Slovakia,411,113
144066,Sergey,Betov,Sergey Betov,Belarus,352,60
714852,Blake,Ellis,Blake Ellis,Australia,342,144
352290,Michael,Redlicki,Michael Redlicki,USA,468,77
297990,Antoine,Escoffier,Antoine Escoffier,France,223,255
888564,Zihao,Xia,Zihao Xia,China,499,57
444594,Jared,Hiltzik,Jared Hiltzik,USA,500,58
101478,Franko,Škugor,Franko Škugor,Croatia,392,39
1097814,Makoto,Ochi,Makoto Ochi,Japan,473,90
238284,Luke,Saville,Luke Saville,Australia,499,78
454890,Zhizhen,Zhang,Zhizhen Zhang,China,47,1145
870684,Marc,Huesler,Marc Huesler,Switzerland,148,396
607350,Ryan,Shane,Ryan Shane,USA,392,91
154110,Yan,Bai,Yan Bai,China,265,200
97200,Gonzalo,Escobar,Gonzalo Escobar,Ecuador,498,74
747948,Aleksandar,Vukic,Aleksandar Vukic,Australia,69,778
983988,Tung,Wu,Tung Wu,Chinese Taipei,228,251
252918,Ji,Nam,Ji Nam,South Korea,479,80
337746,Andrea,Basso,Andrea Basso,Italy,484,62
652614,Benjamin,Hassan,Benjamin Hassan,Lebanon,242,235
1234782,Zsombor,Piros,Zsombor Piros,Hungary,248,225
763260,Daniel,Altmaier,Daniel Altmaier,Germany,82,705
577446,Viktor,Durasovic,Viktor Durasovic,Norway,442,97
307812,Jan,Satral,Jan Satral,Czech Republic,497,69
644154,Hugo,Grenier,Hugo Grenier,France,154,379
89400,Harri,Heliovaara,Harri Heliovaara,Finland,139,37
639366,Sadio,Doumbia,Sadio Doumbia,France,498,74
393468,Pedro,Sakamoto,Pedro Sakamoto,Brazil,296,177
632262,Petros,Chrysochos,Petros Chrysochos,Cyprus,485,69
305418,Dmitry,Popko,Dmitry Popko,Kazakhstan,175,334
88950,Teimuraz,Gabashvili,Teimuraz Gabashvili,Russia,486,71
490074,Johannes,Haerteis,Johannes Haerteis,Germany,499,67
141288,Jeremy,Jahn,Jeremy Jahn,Germany,461,85
91638,Daniel,Muñoz de la Nava,Daniel Muñoz de la Nava,Spain,484,14
1272912,Alen,Avidzba,Alen Avidzba,Russia,461,80
306612,Batalla,Roca,Batalla Roca,Spain,213,266
894612,Khumoyun,Sultanov,Khumoyun Sultanov,Uzbekistan,232,243
458178,Arjun,Kadhe,Arjun Kadhe,India,231,32
1123428,Alexis,Galarneau,Alexis Galarneau,Canada,236,241
344226,Andrew,Whittington,Andrew Whittington,Australia,457,17
448422,Tom,Jomby,Tom Jomby,France,463,67
729648,Joao,Menezes,Joao Menezes,Brazil,498,68
326310,Alessandro,Bega,Alessandro Bega,Italy,497,66
97164,Illya,Marchenko,Illya Marchenko,Ukraine,496,79
312810,Julian,Lenz,Julian Lenz,Germany,499,71
98172,Brydan,Klein,Brydan Klein,United Kingdom,490,73
476586,Harry,Bourchier,Harry Bourchier,Australia,492,70
142554,Gerard,Granollers,Gerard Granollers,Spain,146,17
141300,Guillermo,Olaso,Guillermo Olaso,Spain,461,17
313728,Shuichi,Sekiguchi,Shuichi Sekiguchi,Japan,491,69
459102,Ivan,Gakhov,Ivan Gakhov,Russia,306,170
313476,N,Balaji,N Balaji,India,143,6
252996,Sekou,Bangoura,Sekou Bangoura,USA,499,69
96750,João,Souza,João Souza,Brazil,497,59
660666,Youssef,Hossam,Youssef Hossam,Egypt,467,67
1004232,Emil,Ruusuvuori,Emil Ruusuvuori,Finland,91,653
476826,Jacob,Grills,Jacob Grills,Australia,497,69
921876,João,Monteiro,João Monteiro,Portugal,478,61
1225998,Chien-Hsun,Lo,Chien-Hsun Lo,Chinese Taipei,411,30
149070,Alexander,Ward,Alexander Ward,United Kingdom,497,12
939996,Rigele,Te,Rigele Te,China,498,80
319860,Ivan,Nedelko,Ivan Nedelko,Russia,498,67
97170,Andreas,Haider-Maurer,Andreas Haider-Maurer,Austria,486,13
614478,Rijthoven,Van,Rijthoven Van,Netherlands,425,107
381648,Arthur,Rinderknech,Arthur Rinderknech,France,60,872
271548,Jordi,Samper-Montaña,Jordi Samper-Montaña,Spain,494,60
287814,Tobias,Simon,Tobias Simon,Germany,495,67
341946,Martinavarro,Artunedo,Martinavarro Artunedo,Spain,497,68
1025688,Zizou,Bergs,Zizou Bergs,Belgium,65,833
267834,Cristian,Rodriguez,Cristian Rodriguez,Colombia,468,75
486258,Hoang,Ly,Hoang Ly,Vietnam,464,92
96408,Igor,Sijsling,Igor Sijsling,Netherlands,494,68
261828,Markus,Eriksson,Markus Eriksson,Sweden,486,71
659718,Liam,Caruana,Liam Caruana,Italy,482,75
1127364,Evan,Furness,Evan Furness,France,444,95
758424,Corentin,Denolly,Corentin Denolly,France,305,170
354798,Lloyd,Glasspool,Lloyd Glasspool,United Kingdom,494,73
1066128,Cosano,Barranco,Cosano Barranco,Spain,211,271
1211094,Raul,Brancaccio,Raul Brancaccio,Italy,419,109
320898,Marvin,Netuschil,Marvin Netuschil,Germany,440,23
287808,Albano,Olivetti,Albano Olivetti,France,240,14
279738,Takanyi,Garanganga,Takanyi Garanganga,Zimbabwe,443,24
359916,Wishaya,Trongcharoenchaikul,Wishaya Trongcharoenchaikul,Thailand,490,12
636930,Valle,Dalla,Valle Dalla,Italy,276,193
629814,Gijs,Brouwer,Gijs Brouwer,Netherlands,172,339
313224,Hugo,Nys,Hugo Nys,Monaco,497,73
363024,Aslan,Karatsev,Aslan Karatsev,Russia,313,163
419724,Martin,Redlicki,Martin Redlicki,USA,200,61
328410,Riccardo,Bonadio,Riccardo Bonadio,Italy,485,82
93300,Máximo,Gonzalez,Máximo Gonzalez,Argentina,467,15
807672,William,Blumberg,William Blumberg,USA,455,20
95124,Lamine,Ouahab,Lamine Ouahab,Morocco,439,20
393660,Sidharth,Rawat,Sidharth Rawat,India,495,68
151146,Austin,Krajicek,Austin Krajicek,USA,487,12
403596,Fabrizio,Ornago,Fabrizio Ornago,Italy,498,69
1231890,Alafia,Ayeni,Alafia Ayeni,USA,474,86
1268028,Harrison,Adams,Harrison Adams,USA,461,89
329862,Hernan,Casanova,Hernan Casanova,Argentina,449,94
638106,Fabien,Reboul,Fabien Reboul,France,164,33
358188,Miliaan,Niesten,Miliaan Niesten,Netherlands,489,13
967584,Wild,Seyboth,Wild Seyboth,Brazil,75,732
748404,Edan,Leshem,Edan Leshem,Israel,452,97
359628,Bastian,Malla,Bastian Malla,Chile,498,65
1262952,Patrick,Kypson,Patrick Kypson,USA,169,350
312354,Karue,Sell,Karue Sell,Brazil,270,196
490590,Gregoire,Jacq,Gregoire Jacq,France,465,67
155046,Yannick,Mertens,Yannick Mertens,Belgium,483,75
574818,Andrea,Vavassori,Andrea Vavassori,Italy,252,219
581922,Ji Hoon,Son,Ji Hoon Son,South Korea,460,17
291876,Patricio,Heras,Patricio Heras,Argentina,456,17
296028,Yannick,Jankovits,Yannick Jankovits,France,478,14
1337742,Chauvinc,Cornut,Chauvinc Cornut,France,498,75
683886,Juan,Ficovich,Juan Ficovich,Argentina,174,338
1176744,Carabelli,Ugo,Carabelli Ugo,Argentina,106,581
1242216,Chun,Tseng,Chun Tseng,Chinese Taipei,115,509
1082688,Louis,Wessels,Louis Wessels,Germany,497,81
307056,Edoardo,Eremin,Edoardo Eremin,Italy,482,13
569562,Ronnie,Schneider,Ronnie Schneider,USA,473,16
1415592,Michael,Vrbensky,Michael Vrbensky,Czechia,319,162
433392,Altug,Celikbilek,Altug Celikbilek,Turkey,444,103
667182,Orlando,Luz,Orlando Luz,Brazil,482,83
326946,Juan Ignacio,Galarza,Juan Ignacio Galarza,Argentina,473,15
916332,Tom,Fawcett,Tom Fawcett,USA,476,15
97500,Konstantin,Kravchuk,Konstantin Kravchuk,Russia,500,72
227292,Alejandro,Gomez,Alejandro Gomez,Colombia,482,73
106404,Peter,Torebko,Peter Torebko,Germany,500,69
684450,Lopez,Pena,Lopez Pena,Argentina,491,76
298122,Riccardo,Bellotti,Riccardo Bellotti,Italy,480,14
784464,Manuel,Sánchez,Manuel Sánchez,Mexico,472,16
1123326,Lucas,Catarina,Lucas Catarina,Monaco,499,80
317526,Robin,Kern,Robin Kern,Germany,481,13
213474,Felipe,Mantilla,Felipe Mantilla,Colombia,483,13
306666,Alexander,Lazov,Alexander Lazov,Bulgaria,490,13
1192800,Colin,Sinclair,Colin Sinclair,Northern Mariana Islands,476,90
96096,Frederik,Nielsen,Frederik Nielsen,Denmark,481,13
1302828,Yuta,Shimizu,Yuta Shimizu,Japan,224,254
364416,Karim,Maamoun,Karim Maamoun,Egypt,477,75
1307016,Francesco,Forti,Francesco Forti,Italy,500,79
606954,Alex,Rybakov,Alex Rybakov,USA,487,81
1228596,Jacopo,Berrettini,Jacopo Berrettini,Italy,329,155
714912,Thomas,Fancutt,Thomas Fancutt,Australia,480,86
497598,Evan,Hoyt,Evan Hoyt,United Kingdom,487,76
221928,Pavel,Krainik,Pavel Krainik,Canada,489,12
578982,Riccardo,Balzerani,Riccardo Balzerani,Italy,485,71
420384,Pietro,Rondoni,Pietro Rondoni,Italy,490,59
1242312,Brandon,Holt,Brandon Holt,USA,194,298
95574,Marc,Sieber,Marc Sieber,Germany,492,11
137736,Ruan,Roelofse,Ruan Roelofse,South Africa,497,11
727044,Jules,Okala,Jules Okala,France,496,70
89814,Ti,Chen,Ti Chen,Chinese Taipei,492,11
1360842,Maxime,Cressy,Maxime Cressy,USA,227,251
458958,Daniel,Nguyen,Daniel Nguyen,USA,492,75
614046,De,Van,De Van,Netherlands,67,814
1198824,Alexandar,Lazarov,Alexandar Lazarov,Bulgaria,478,88
87324,Janko,Tipsarevic,Janko Tipsarevic,Serbia,470,74
857400,Baptiste,Crepatte,Baptiste Crepatte,France,461,78
1239432,Jannik,Sinner,Jannik Sinner,Italy,1,11420
446010,Matias,Descotte,Matias Descotte,Argentina,481,83
229092,Facundo,Mena,Facundo Mena,Argentina,199,292
727104,Manuel,Guinard,Manuel Guinard,France,260,204
273210,Gonzalo,Lama,Gonzalo Lama,Chile,496,79
851304,Geoffrey,Blancaneaux,Geoffrey Blancaneaux,France,249,223
665034,San,Lopez,San Lopez,Spain,484,84
1050432,Giovanni,Fonio,Giovanni Fonio,Italy,289,183
1566102,Lorenzo,Musetti,Lorenzo Musetti,Italy,16,2600
870744,Matteo,Martineau,Matteo Martineau,France,182,316
96528,Alexandr,Dolgopolov,Alexandr Dolgopolov,Ukraine,499,10
1164828,Kirill,Kivattsev,Kirill Kivattsev,Russia,488,88
1175052,Sebastian,Korda,Sebastian Korda,USA,23,2010
574986,Julian,Ocleppo,Julian Ocleppo,Italy,472,87
416184,Skander,Mansouri,Skander Mansouri,Tunisia,500,85
612918,Alejandro,Tabilo,Alejandro Tabilo,Chile,22,2043
750468,Ben,Patael,Ben Patael,Israel,484,83
366216,Lucas,Gomez,Lucas Gomez,Mexico,492,13
223266,Sandro,Ehrat,Sandro Ehrat,Switzerland,483,71
1429812,Tomas,Machac,Tomas Machac,Czechia,25,1758
336114,Alexander,Ritschard,Alexander Ritschard,Switzerland,108,545
304782,Peter,Heller,Peter Heller,Germany,498,79
396024,Laurent,Lokoli,Laurent Lokoli,France,431,101
326298,Sanjar,Fayziev,Sanjar Fayziev,Uzbekistan,496,63
290466,Alexander,Zhurbin,Alexander Zhurbin,Russia,500,59
448206,Pavel,Nejedly,Pavel Nejedly,Czech Republic,500,73
272406,Raymond,Sarmiento,Raymond Sarmiento,USA,474,75
1196280,Luca,Giacomini,Luca Giacomini,Italy,467,17
1235448,Hugo,Gaston,Hugo Gaston,France,81,712
300234,Marco,Bortolotti,Marco Bortolotti,Italy,239,53
1528464,Jiri,Lehecka,Jiri Lehecka,Czechia,30,1560
692790,Evgenii,Tiurnev,Evgenii Tiurnev,Russia,349,139
606570,Jordi,Arconada,Jordi Arconada,USA,500,62
917412,Patrik,Rikl,Patrik Rikl,Czech Republic,499,12
1326084,Francisco,Cerundolo,Francisco Cerundolo,Argentina,29,1570
401256,Shintaro,Imai,Shintaro Imai,Japan,424,105
1423140,Giulio,Zeppieri,Giulio Zeppieri,Italy,237,240
1323234,Paul,Jubb,Paul Jubb,United Kingdom,180,324
981828,Lukas,Klein,Lukas Klein,Slovakia,146,402
638154,Lucas,Gerch,Lucas Gerch,Germany,471,86
289362,Da,Dutra,Da Dutra,Brazil,341,145
1278336,Sam,Riffice,Sam Riffice,USA,499,72
142032,Cedrik,Stebe,Cedrik Stebe,Germany,473,90
336534,Aleksandre,Metreveli,Aleksandre Metreveli,Georgia,418,30
463746,Jeroen,Vanneste,Jeroen Vanneste,Belgium,498,67
1142298,John,Mcnally,John Mcnally,USA,470,17
980640,Fajing,Sun,Fajing Sun,China,320,161
566934,Christopher,Heyman,Christopher Heyman,Belgium,500,65
349338,Christopher,Oconnell,Christopher Oconnell,Australia,71,755
383766,Lobato,Esteve,Lobato Esteve,Spain,498,72
95196,Frederico,Gil,Frederico Gil,Portugal,499,66
430224,Nicolas,Alvarez,Nicolas Alvarez,Peru,410,111
952500,Alves,Meligeni,Alves Meligeni,Brazil,150,393
1196382,Vit,Kopriva,Vit Kopriva,Czechia,152,384
259578,Christian,Lindell,Christian Lindell,Sweden,485,72
515274,Gonzalo,Villanueva,Gonzalo Villanueva,Argentina,415,112
1016988,Tomas,Etcheverry,Tomas Etcheverry,Argentina,40,1310
102402,Maxime,Chazal,Maxime Chazal,France,353,137
401484,Maxime,Hamou,Maxime Hamou,France,492,71
445806,Matias,Zukas,Matias Zukas,Argentina,486,79
1161876,Izquierdo,Sanchez,Izquierdo Sanchez,Spain,351,138
1304796,Rio,Noguchi,Rio Noguchi,Japan,267,198
547452,Ryan,Peniston,Ryan Peniston,United Kingdom,445,97
353898,Bague,Toledo,Bague Toledo,Spain,491,74
1552506,Jack,Draper,Jack Draper,United Kingdom,15,2800
313590,Diego,Hidalgo,Diego Hidalgo,Ecuador,495,71
893832,Mathieu,Perchicot,Mathieu Perchicot,France,470,75
261534,Agustin,Velotti,Agustin Velotti,Argentina,491,69
688998,Alexander,Erler,Alexander Erler,Austria,500,69
355002,Ronald,Slobodchikov,Ronald Slobodchikov,Russia,496,69
1123320,Nicolas,Mejia,Nicolas Mejia,Colombia,216,260
487662,Oscar,Gutierrez,Oscar Gutierrez,Brazil,491,78
1151250,Jenson,Brooksby,Jenson Brooksby,USA,466,90
290550,Sanz,Perez,Sanz Perez,Spain,394,22
1151064,Dan,Added,Dan Added,France,492,81
616914,Niels,Lootsma,Niels Lootsma,Netherlands,484,62
383106,Nik,Razborsek,Nik Razborsek,Slovenia,456,68
1034904,Aziz,Dougaz,Aziz Dougaz,Tunisia,198,295
832356,Jordan,Correia,Jordan Correia,Brazil,493,60
581166,Benjamin,Lock,Benjamin Lock,Zimbabwe,343,144
1323258,Aidan,Mchugh,Aidan Mchugh,United Kingdom,450,94
379500,Martins,Podzus,Martins Podzus,Latvia,480,75
584214,Michail,Pervolarakis,Michail Pervolarakis,Greece,469,85
596274,Mariano,Kestelboim,Mariano Kestelboim,Argentina,499,80
378552,Nerman,Fatic,Nerman Fatic,Bosnia & Herzegovina,368,131
464898,Danylo,Kalenichenko,Danylo Kalenichenko,Ukraine,484,73
108414,Eduardo,Struvay,Eduardo Struvay,Colombia,466,83
288348,Cheong-Eui,Kim,Cheong-Eui Kim,South Korea,499,59
621762,Michael,Geerts,Michael Geerts,Belgium,331,154
289206,Quentin,Robert,Quentin Robert,France,484,77
1119288,Artem,Dubrivnyy,Artem Dubrivnyy,Russia,497,66
1119786,Ergi,Kirkin,Ergi Kirkin,Türkiye,302,171
278238,Maximiliano,Estevez,Maximiliano Estevez,Argentina,500,65
320982,Alessandro,Petrone,Alessandro Petrone,Italy,495,59
486474,Gonzalez,Vivero,Gonzalez Vivero,Spain,457,80
1085688,Rayane,Roumane,Rayane Roumane,France,496,71
1016928,Genaro,Olivieri,Genaro Olivieri,Argentina,347,141
1296936,Sho,Shimabukuro,Sho Shimabukuro,Japan,176,333
1207392,Marko,Miladinovic,Marko Miladinovic,Serbia,499,70
927432,Vladyslav,Orlov,Vladyslav Orlov,Ukraine,473,87
635850,Jumpei,Yamasaki,Jumpei Yamasaki,Japan,500,65
587874,Seong,Hong,Seong Hong,South Korea,145,403
1225986,Yu,Hsu,Yu Hsu,Chinese Taipei,221,256
1466532,Jong,De,Jong De,Netherlands,109,541
599610,Nicolae,Frunza,Nicolae Frunza,Romania,493,59
1171086,Yshai,Oliel,Yshai Oliel,Israel,459,90
457590,Rafael,Matos,Rafael Matos,Brazil,499,65
972876,Evan,Zhu,Evan Zhu,USA,459,93
237492,Bruno,Santanna,Bruno Santanna,Brazil,496,74
1655550,Carlos,Alcaraz,Carlos Alcaraz,Spain,2,7120
1380306,Filip,Jianu,Filip Jianu,Romania,214,262
326874,Wilson,Leite,Wilson Leite,Brazil,499,81
1542558,Daniel,Michalski,Daniel Michalski,Poland,373,129
685194,Adam,Moundir,Adam Moundir,Morocco,500,70
1235838,Kacper,Zuk,Kacper Zuk,Poland,434,104
457518,Bogdan,Bobrov,Bogdan Bobrov,Russia,395,118
1413468,Brandon,Nakashima,Brandon Nakashima,USA,35,1375
1330848,Sebastian,Baez,Sebastian Baez,Argentina,26,1690
689322,Johan,Nikles,Johan Nikles,Switzerland,490,78
473286,Matija,Pecotic,Matija Pecotic,Croatia,488,85
954144,Ricardo,Rodríguez,Ricardo Rodríguez,Venezuela,497,61
1586244,Acosta,Diaz,Acosta Diaz,Argentina,66,830
1493178,Juan,Cerundolo,Juan Cerundolo,Argentina,142,412
363696,David,Poljak,David Poljak,Czech Republic,483,81
462042,Marko,Tepavac,Marko Tepavac,Serbia,475,75
679338,Salminen,Niklas,Salminen Niklas,Finland,500,70
1466508,Alexey,Zakharov,Alexey Zakharov,Russia,308,169
1121322,Nick,Hardt,Nick Hardt,Dominican Republic,210,274
352230,Nick,Chappell,Nick Chappell,USA,482,91
696294,Gage,Brymer,Gage Brymer,USA,500,71
327186,Jorge,Panta,Jorge Panta,Peru,490,84
593898,Alexandru,Jecan,Alexandru Jecan,Romania,497,73
664254,David,Pichler,David Pichler,Austria,494,79
1615758,Jonas,Forejtek,Jonas Forejtek,Czechia,348,141
326334,Blake,Mott,Blake Mott,Australia,483,83
1215444,Marek,Gengel,Marek Gengel,Czechia,322,160
571566,Strong,Kirchheimer,Strong Kirchheimer,USA,491,82
1493088,Harold,Mayot,Harold Mayot,France,107,567
137730,Jerzy,Janowicz,Jerzy Janowicz,Poland,500,68
1125660,Aleksandar,Kovacevic,Aleksandar Kovacevic,USA,99,607
859692,Gabriel,Petit,Gabriel Petit,France,493,60
1074972,Thomas,Laurent,Thomas Laurent,France,490,73
243252,Nikola,Cacic,Nikola Cacic,Serbia,59,3
205596,Mao,Gong,Mao Gong,China,127,5
1439286,Ryan,Nijboer,Ryan Nijboer,Netherlands,406,114
1283886,Jakub,Paul,Jakub Paul,Switzerland,378,128
1041036,Austin,Rapp,Austin Rapp,USA,336,30
1597566,Del,Huertas,Del Huertas,Peru,463,89
1263156,Bart,Stevens,Bart Stevens,,381,23
308082,Jr,Damm,Jr Damm,USA,287,183
1783206,Toby,Kodat,Toby Kodat,USA,354,137
1239624,Clement,Tabur,Clement Tabur,France,330,154
1189350,Sergey,Fomin,Sergey Fomin,Uzbekistan,348,142
981252,Mats,Hermans,Mats Hermans,,433,3
1409388,Lopez,Winter,Lopez Winter,Spain,443,28
1235406,Piotr,Matuszewski,Piotr Matuszewski,Poland,444,3
1792782,Shintaro,Mochizuki,Shintaro Mochizuki,Japan,238,240
1309566,Fabian,Marozsan,Fabian Marozsan,Hungary,57,930
1327278,Ray,Ho,Ray Ho,,491,9
352710,Min,Song,Min Song,South Korea,113,10
1251996,Sem,Verbeek,Sem Verbeek,,128,16
353946,Matej,Sabanov,Matej Sabanov,,154,14
590490,Karol,Drzewiecki,Karol Drzewiecki,Poland,170,4
296154,Scott,Puodziunas,Scott Puodziunas,Australia,172,6
672378,Szymon,Walkow,Szymon Walkow,Poland,174,4
462078,Gornes,Martos,Gornes Martos,Spain,183,7
91662,Toshihide,Matsui,Toshihide Matsui,Japan,185,21
311322,Xin,Gao,Xin Gao,China,221,16
297300,Vladyslav,Manafov,Vladyslav Manafov,Ukraine,489,76
225834,Federico,Zeballos,Federico Zeballos,Bolivia,247,50
98964,Jonathan,Eysseric,Jonathan Eysseric,France,250,40
291888,Nicolas,Barrientos,Nicolas Barrientos,Colombia,496,72
676842,Jan,Zielinski,Jan Zielinski,Poland,283,19
322566,N,Prashanth,N Prashanth,India,300,4
305112,Timur,Khabibulin,Timur Khabibulin,Kazakhstan,303,8
556686,Brandon,Walkin,Brandon Walkin,Australia,322,26
971220,Del,Huertas,Del Huertas,Peru,323,24
935172,Courtney,Lock,Courtney Lock,,327,4
831168,Runhao,Hua,Runhao Hua,China,332,30
300900,Calum,Puttergill,Calum Puttergill,Australia,333,30
749616,Grigoriy,Lomakin,Grigoriy Lomakin,Kazakhstan,344,19
590706,Malfeito,Pla,Malfeito Pla,Spain,348,51
1137246,Julian,Bradley,Julian Bradley,Ireland,349,15
433776,Nicolas,Arreche,Nicolas Arreche,Argentina,355,46
465930,Victor,Cornea,Victor Cornea,Romania,357,14
1181586,Petr,Nouza,Petr Nouza,Czech Republic,358,38
150138,Inigo,Cervantes,Inigo Cervantes,Spain,362,36
305934,Alexander,Igoshin,Alexander Igoshin,Russia,364,39
726744,Simon,Freund,Simon Freund,Sweden,369,29
683346,Ivan,Liutarevich,Ivan Liutarevich,Belarus,370,15
374472,Luke,Johnson,Luke Johnson,United Kingdom,373,30
557082,George,Goldhoff,George Goldhoff,USA,379,3
1038708,Anis,Ghorbel,Anis Ghorbel,Tunisia,393,14
312828,Luis,Patino,Luis Patino,Mexico,400,9
952980,Rhett,Purcell,Rhett Purcell,New Zealand,403,15
337638,Maxime,Tchoutakian,Maxime Tchoutakian,France,409,29
636210,Florian,Lakat,Florian Lakat,France,413,10
765888,Francisco,Cabral,Francisco Cabral,,414,6
393648,Franco,Agamenone,Franco Agamenone,Italy,429,102
1337664,Justin,Butsch,Justin Butsch,USA,417,29
917196,Oleg,Prihodko,Oleg Prihodko,Ukraine,389,123
291624,Goncalo,Falcao,Goncalo Falcao,,420,4
556014,Luca,Castelnuovo,Luca Castelnuovo,,421,29
298014,Alexander,Pavlioutchenkov,Alexander Pavlioutchenkov,Russia,423,4
532800,Hawkins,Findel,Hawkins Findel,United Kingdom,441,15
465018,Kai,Wehnelt,Kai Wehnelt,,445,43
543888,Maxim,Ratniuk,Maxim Ratniuk,Russia,451,25
470478,Franco,Feitt,Franco Feitt,Argentina,452,12
1138290,Glenn,Smits,Glenn Smits,,453,4
669666,Campos,Barroso,Campos Barroso,Spain,425,105
857748,James,Frawley,James Frawley,Australia,478,6
419472,Filip,Bergevi,Filip Bergevi,Sweden,479,24
89286,Jaroslav,Pospisil,Jaroslav Pospisil,Czech Republic,484,34
662802,Peter,Bothwell,Peter Bothwell,Ireland,485,20
975636,Luca,Gelhardt,Luca Gelhardt,,486,12
605274,Jose,Bendeck,Jose Bendeck,Colombia,499,3
342942,Sanchis,Jorda,Sanchis Jorda,Spain,370,130
1375662,Timofey,Skatov,Timofey Skatov,Kazakhstan,193,299
1242498,Duje,Ajdukovic,Duje Ajdukovic,Croatia,117,506
472470,Elmar,Ejupovic,Elmar Ejupovic,Germany,490,84
1304706,Valero,Gimeno,Valero Gimeno,Spain,481,85
750048,Nuno,Borges,Nuno Borges,Portugal,34,1446
600426,Vitaliy,Sachko,Vitaliy Sachko,Ukraine,414,112
1329102,Thiago,Tirante,Thiago Tirante,Argentina,121,490
1698432,Holger,Rune,Holger Rune,Denmark,13,3005
1252956,Adrian,Andreev,Adrian Andreev,Bulgaria,209,277
146856,Andrey,Kuznetsov,Andrey Kuznetsov,Russia,496,74
814680,Lucas,Poullain,Lucas Poullain,France,470,87
1605474,Kyrian,Jacquet,Kyrian Jacquet,France,279,191
1778226,Dominic,Stricker,Dominic Stricker,Switzerland,301,172
1392354,Emilio,Nava,Emilio Nava,USA,204,285
1328046,Georgii,Kravchenko,Georgii Kravchenko,Ukraine,472,81
1304700,Tiffon,Martin,Tiffon Martin,Spain,268,198
1642092,Cobolli,Flavio,Cobolli Flavio,Italy,32,1502
1278354,Oliver,Crawford,Oliver Crawford,United Kingdom,402,116
1726830,Arthur,Cazaux,Arthur Cazaux,France,85,678
1762470,Zane,Khan,Zane Khan,USA,499,63
1628238,De,Pucinelli,De Pucinelli,Brazil,334,153
1112616,Taverna,Rodriguez,Taverna Rodriguez,Argentina,230,244
1470672,Anton,Matusevich,Anton Matusevich,United Kingdom,399,116
727080,Alexis,Gautier,Alexis Gautier,France,486,82
683442,De,Moreno,De Moreno,USA,123,483
1361010,Marvin,Moller,Marvin Moller,Germany,443,96
1235946,Varona,Alvarez,Varona Alvarez,Spain,387,125
1586076,Alexander,Shevchenko,Alexander Shevchenko,Kazakhstan,63,840
1523064,Nicholas,Ionel,Nicholas Ionel,Romania,388,125
1395702,Oleksii,Krutykh,Oleksii Krutykh,Ukraine,494,82
1375320,Otto,Virtanen,Otto Virtanen,Finland,96,618
1238988,Govind,Nanda,Govind Nanda,USA,464,88
1560744,Dalibor,Svrcina,Dalibor Svrcina,Czechia,261,204
1172028,Dragos,Madaras,Dragos Madaras,Sweden,431,106
459090,Azorin,Vidal,Azorin Vidal,Spain,493,74
683166,Antoine,Bellier,Antoine Bellier,Switzerland,362,133
1589880,De,Pucinelli,De Pucinelli,Brazil,318,162
1298940,Filip,Misolic,Filip Misolic,Austria,281,188
1789494,Zachary,Svajda,Zachary Svajda,USA,165,360
1424724,Rinky,Hijikata,Rinky Hijikata,Australia,76,732
971256,Felix,Corwin,Felix Corwin,USA,493,69
1848516,Luciano,Darderi,Luciano Darderi,Italy,43,1263
1797240,Matteo,Arnaldi,Matteo Arnaldi,Italy,38,1335
1707114,Eric,Vanshelboim,Eric Vanshelboim,Ukraine,483,84
1735410,Luca,Nardi,Luca Nardi,Italy,102,594
1361640,Junior,Klier,Junior Klier,Brazil,482,84
1276584,Da,Reis,Da Reis,Brazil,403,115
1137288,Tiago,Cacao,Tiago Cacao,Portugal,494,66
944376,Mats,Rosenkranz,Mats Rosenkranz,Germany,473,86
678858,Mateus,Alves,Mateus Alves,Brazil,497,69
1463562,Titouan,Droguet,Titouan Droguet,France,173,338
339474,Pawel,Juszczak,Pawel Juszczak,Poland,486,82
1207500,Yan,Bondarevskiy,Yan Bondarevskiy,Russia,499,66
981312,Facundo,Juarez,Facundo Juarez,Italy,474,85
1181544,Jover,Sanchez,Jover Sanchez,Spain,316,163
864624,Alexander,Weis,Alexander Weis,Italy,369,131
1402212,Gauthier,Onclin,Gauthier Onclin,Belgium,259,205
395964,Juan,Paz,Juan Paz,Argentina,499,79
1532532,Francisco,Comesana,Francisco Comesana,Argentina,101,604
1262988,Vasil,Kirkov,Vasil Kirkov,USA,498,65
1398768,Dane,Sweeny,Dane Sweeny,Australia,325,157
312426,Naoki,Nakagawa,Naoki Nakagawa,Japan,385,125
1450320,Yanki,Erel,Yanki Erel,Turkey,499,80
1123392,Christian,Langmo,Christian Langmo,USA,466,88
1148652,Damien,Wenger,Damien Wenger,Switzerland,498,79
1815504,Gustavo,Heide,Gustavo Heide,Brazil,166,358
1771080,Alibek,Kachmazov,Alibek Kachmazov,Russia,186,315
492954,Igor,Marcondes,Igor Marcondes,Brazil,346,141
671034,Billy,Harris,Billy Harris,United Kingdom,113,511
1894656,Juan,Torres,Juan Torres,Argentina,286,184
1307310,Gabriel,Decamps,Gabriel Decamps,Brazil,490,80
2010624,Assche,Van,Assche Van,France,114,509
953484,Valentin,Vacherot,Valentin Vacherot,Monaco,127,471
981180,Edoardo,Lavagno,Edoardo Lavagno,Italy,486,83
1249362,Henri,Squire,Henri Squire,Germany,189,313
1276866,Stuart,Parker,Stuart Parker,United Kingdom,483,89
922968,Moez,Echargui,Moez Echargui,Tunisia,454,91
1337760,Alastair,Gray,Alastair Gray,United Kingdom,476,87
1137252,Hady,Habib,Hady Habib,Lebanon,285,185
1228668,Mateus,Alves,Mateus Alves,Brazil,280,190
486282,Jonathan,Mridha,Jonathan Mridha,Sweden,497,66
1360872,Luca,Potenza,Luca Potenza,Italy,498,79
296514,Li,Tu,Li Tu,Australia,184,315
2133168,Ouden,Den,Ouden Den,Netherlands,272,195
1392366,Keegan,Smith,Keegan Smith,USA,496,77
1505154,Canas,Moro,Canas Moro,Spain,161,368
2031012,Arthur,Fils,Arthur Fils,France,20,2265
1553460,Francesco,Passaro,Francesco Passaro,Italy,111,533
1392282,Omni,Kumar,Omni Kumar,USA,391,122
2093130,Juncheng,Shang,Juncheng Shang,China,51,1075
1788354,Felix,Gill,Felix Gill,United Kingdom,432,101
1396692,Beibit,Zhukayev,Beibit Zhukayev,Kazakhstan,185,315
2036712,Lukas,Neumayer,Lukas Neumayer,Austria,258,209
1133676,Andrey,Chepelev,Andrey Chepelev,Russia,500,80
1930740,Leandro,Riedi,Leandro Riedi,Switzerland,132,456
1594860,Lavallen,Lingua,Lavallen Lingua,Argentina,383,127
1181532,Cezar,Cretu,Cezar Cretu,Romania,291,181
1207476,Montagud,Lopez,Montagud Lopez,Spain,451,92
1766034,Mattia,Bellucci,Mattia Bellucci,Italy,105,586
1213098,Charles,Broom,Charles Broom,United Kingdom,253,217
1956678,Matteo,Gigante,Matteo Gigante,Italy,138,424
1928436,Hamad,Mededovic,Hamad Mededovic,Serbia,158,373
492810,Dellien,Murkel,Dellien Murkel,Bolivia,190,312
997200,Timo,Stodder,Timo Stodder,Germany,483,85
1723098,Roman,Burruchaga,Roman Burruchaga,Argentina,130,462
1204674,Ugo,Blanchet,Ugo Blanchet,France,215,261
1304688,Pujolras,Marti,Pujolras Marti,Spain,357,135
475710,Gergely,Madarasz,Gergely Madarasz,Hungary,500,69
1950858,Ruggeri,Vincent,Ruggeri Vincent,Italy,256,213
99396,Jose,Pereira,Jose Pereira,Brazil,463,91
1532706,Valentin,Royer,Valentin Royer,France,183,316
1704588,Dias,Boscardin,Dias Boscardin,Brazil,500,78
1652838,Tristan,Schoolkate,Tristan Schoolkate,Australia,177,329
1930752,Jones,Pinnington,Jones Pinnington,United Kingdom,398,117
1566114,Francesco,Maestrelli,Francesco Maestrelli,Italy,303,171
1718964,Martin,Krumich,Martin Krumich,Czechia,463,89
870660,Remy,Bertola,Remy Bertola,Switzerland,293,178
1652814,Andrew,Paulson,Andrew Paulson,Czechia,436,98
748260,Daniel,Cukierman,Daniel Cukierman,Israel,478,86
2312922,Ben,Shelton,Ben Shelton,USA,19,2330
476814,Omar,Jasika,Omar Jasika,Australia,187,314
630138,Kyle,Seelig,Kyle Seelig,USA,498,81
832284,Giovanni,Oradini,Giovanni Oradini,Italy,498,79
1586160,Ruiz,Llamas,Ruiz Llamas,Spain,288,183
1628346,Mariano,Navone,Mariano Navone,Argentina,45,1188
1525374,Yunchaokete,Bu,Yunchaokete Bu,China,74,737
108564,Daniel,Cox,Daniel Cox,United Kingdom,497,80
1389732,Clement,Chidekh,Clement Chidekh,France,200,289
1278468,Mathys,Erhard,Mathys Erhard,France,324,159
1642086,Terence,Atmane,Terence Atmane,France,156,376
1389384,Stefan,Palosi,Stefan Palosi,Romania,498,72
2036724,James,Mccabe,James Mccabe,Australia,262,204
2133162,Raphael,Collignon,Raphael Collignon,Belgium,167,358
1844358,Daniel,Rincon,Daniel Rincon,Spain,263,201
1747590,Dominik,Palan,Dominik Palan,Czech Republic,499,81
2044458,Wayenburg,Gueymard,Wayenburg Gueymard,France,478,85
1854438,Jerome,Kym,Jerome Kym,Switzerland,134,445
1734888,Perricard,Mpetshi,Perricard Mpetshi,France,31,1519
1433214,Oleksandr,Ovcharenko,Oleksandr Ovcharenko,Ukraine,334,149
1983240,Henry,Patten,Henry Patten,United Kingdom,476,77
1133634,Quentin,Folliot,Quentin Folliot,France,495,66
1734906,Peter,Fajta,Peter Fajta,Hungary,491,80
1750572,Gianmarco,Ferrari,Gianmarco Ferrari,Italy,496,80
2092218,Marko,Topo,Marko Topo,Germany,453,91
1553874,Hernandez,Alex,Hernandez Alex,Mexico,498,68
1341090,Liam,Draxl,Liam Draxl,Canada,235,242
1199190,Ezekiel,Clark,Ezekiel Clark,USA,497,80
1263258,Jurgen,Briand,Jurgen Briand,France,487,82
1911444,Timo,Legout,Timo Legout,France,420,106
1239456,Jaimee,Angele,Jaimee Angele,France,495,78
1782846,Valerio,Aboian,Valerio Aboian,Argentina,379,128
1680918,Gabriel,Diallo,Gabriel Diallo,Canada,89,657
1328310,Juan,Otegui,Juan Otegui,Argentina,500,81
1663086,Max,Houkes,Max Houkes,Netherlands,284,186
2033352,Aguilar,Merida,Aguilar Merida,Spain,310,168
2005770,Ethan,Quinn,Ethan Quinn,USA,219,257
1844310,Abedallah,Shelbayh,Abedallah Shelbayh,Jordan,229,245
2057022,Maks,Kasnikowski,Maks Kasnikowski,Poland,181,319
1016964,Leonardo,Aboian,Leonardo Aboian,Argentina,496,82
2303958,Mark,Lajal,Mark Lajal,Estonia,212,270
2044464,Robin,Bertrand,Robin Bertrand,France,271,196
1540836,Cannon,Kingsley,Cannon Kingsley,USA,477,86
1344240,Federico,Arnaboldi,Federico Arnaboldi,Italy,241,236
644910,Ignacio,Monzon,Ignacio Monzon,Argentina,500,81
388764,Daniele,Capecchi,Daniele Capecchi,Italy,496,72
1245462,Adam,Walton,Adam Walton,Australia,92,636
916368,Karl,Friberg,Karl Friberg,Sweden,480,89
1931700,Eliakim,Coulibaly,Eliakim Coulibaly,Côte d’Ivoire,412,113
330414,Jules,Marie,Jules Marie,France,278,192
1385418,Rimpei,Kawakami,Rimpei Kawakami,Japan,495,75
1801770,Max,Rehberg,Max Rehberg,Germany,312,165
2264190,Marcello,Serafini,Marcello Serafini,Italy,488,82
1196940,Eduardo,Ribeiro,Eduardo Ribeiro,Brazil,443,102
1735050,Giles,Hussey,Giles Hussey,United Kingdom,356,135
2057862,Mili,Poljicak,Mili Poljicak,Croatia,294,178
1930746,Arthur,Fery,Arthur Fery,United Kingdom,460,89
1796898,Philip,Sekulic,Philip Sekulic,Australia,344,143
1593774,Sebastian,Gima,Sebastian Gima,Romania,494,86
1196286,Sandro,Kopp,Sandro Kopp,Austria,338,147
807624,Alfredo,Perez,Alfredo Perez,USA,495,81
1242546,August,Holmgren,August Holmgren,Denmark,168,352
2233884,Jakub,Mensik,Jakub Mensik,Czechia,48,1137
1582206,Robert,Strombachs,Robert Strombachs,Germany,396,118
2234100,Ilya,Snitari,Ilya Snitari,Moldova,499,75
1466472,Ajeet,Rai,Ajeet Rai,New Zealand,497,79
2094546,Dino,Prizmic,Dino Prizmic,Croatia,380,127
1473090,Arthur,Weber,Arthur Weber,France,452,96
1603464,Harry,Wendelken,Harry Wendelken,United Kingdom,466,91
2440380,Alex,Michelsen,Alex Michelsen,USA,44,1220
782640,Nathan,Ponwith,Nathan Ponwith,USA,496,81
2001060,Kalin,Ivanovski,Kalin Ivanovski,North Macedonia,487,87
2288406,Gabriele,Piraino,Gabriele Piraino,Italy,475,86
1854954,Aidan,Mayo,Aidan Mayo,USA,323,160
2253228,Gabriel,Debru,Gabriel Debru,France,264,200
1798602,Gonzalo,Bueno,Gonzalo Bueno,Peru,244,235
1730802,Fausto,Tabacco,Fausto Tabacco,Italy,494,81
1304634,Barrera,Soriano,Barrera Soriano,Colombia,444,96
940968,Wyk,Van,Wyk Van,South Africa,352,138
1549956,Saba,Purtseladze,Saba Purtseladze,Georgia,397,118
827352,Duarte,Vale,Duarte Vale,Portugal,480,85
2046900,Leo,Borg,Leo Borg,Sweden,461,91
1385808,Lorenzo,Rottoli,Lorenzo Rottoli,Italy,456,95
644118,Alexander,Cozbinov,Alexander Cozbinov,Moldova,496,78
1147110,Digvijay,Singh,Digvijay Singh,India,495,79
1553880,George,Loffhagen,George Loffhagen,United Kingdom,453,97
1372032,Gabi,Boitan,Gabi Boitan,Romania,365,133
1819854,Alex,Barrena,Alex Barrena,Argentina,456,97
1392228,Tristan,Boyer,Tristan Boyer,USA,159,372
1815414,Stefanos,Sakellaridis,Stefanos Sakellaridis,Greece,498,79
1983114,Elmer,Moller,Elmer Moller,Denmark,171,340
2050932,Henrique,Rocha,Henrique Rocha,Portugal,179,328
1293990,Yuki,Mochizuki,Yuki Mochizuki,Japan,500,79
2107812,Martyn,Pawelski,Martyn Pawelski,Poland,484,88
1540824,Tristan,Mccormick,Tristan Mccormick,USA,499,79
1532700,Tibo,Colson,Tibo Colson,Belgium,480,85
1961706,Daniel,Vallejo,Daniel Vallejo,Paraguay,233,243
677934,Tim,Handel,Tim Handel,Germany,440,97
1025796,Kouzmine,Bittoun,Kouzmine Bittoun,France,492,82
1535970,James,Trotter,James Trotter,Japan,251,220
363564,Jea,Lee,Jea Lee,South Korea,498,79
1582056,Justin,Boulais,Justin Boulais,Canada,489,84
651390,Contri,Perez,Contri Perez,Spain,490,83
1211322,Alex,Knaff,Alex Knaff,Luxembourg,500,79
2280276,Lee,Campana,Lee Campana,South Korea,372,130
876252,Federico,Gomez,Federico Gomez,Argentina,160,371
1642680,Alec,Deckers,Alec Deckers,Netherlands,487,83
1619466,Meza,Guillen,Meza Guillen,Ecuador,254,217
1818744,Blaise,Bicknell,Blaise Bicknell,Jamaica,493,80
1930758,Toby,Samuel,Toby Samuel,United Kingdom,491,83
1957488,Marat,Sharipov,Marat Sharipov,Russia,315,163
1077780,Mikalai,Haliak,Mikalai Haliak,Belarus,439,98
1932144,Vilius,Gaubas,Vilius Gaubas,Lithuania,192,305
2291514,Nicolas,Zanellato,Nicolas Zanellato,Brazil,470,91
2233872,Hynek,Barton,Hynek Barton,Czechia,413,112
1734648,Chak,Wong,Chak Wong,Hong Kong,157,374
2050920,Jaime,Faria,Jaime Faria,Portugal,120,501
1307022,Federico,Iannaccone,Federico Iannaccone,Italy,500,80
1998498,Luciano,Ambrogi,Luciano Ambrogi,Argentina,405,114
1991388,Yanaki,Milev,Yanaki Milev,Bulgaria,500,78
2439936,Bailly,Arnaud,Bailly Arnaud,Belgium,482,85
2442996,Nishesh,Basavareddy,Nishesh Basavareddy,USA,197,296
2094552,Luka,Mikrut,Luka Mikrut,Croatia,393,119
1932504,Ignacio,Buse,Ignacio Buse,Peru,225,254
475350,Jake,Delaney,Jake Delaney,Australia,480,84
1157184,Miguel,Damas,Miguel Damas,Spain,377,128
1260210,Daniil,Glinka,Daniil Glinka,Estonia,491,81
2036670,Viacheslav,Bielinskyi,Viacheslav Bielinskyi,Ukraine,470,89
2341296,Alexander,Blockx,Alexander Blockx,Belgium,243,235
2423160,Svyatoslav,Gulin,Svyatoslav Gulin,Russia,494,80
2525268,Matej,Dodig,Matej Dodig,Croatia,266,200
1743420,De,Montes,De Montes,Spain,500,78
1968492,Victor,Lilov,Victor Lilov,USA,497,78
1227186,San,Sin,San Sin,South Korea,488,88
1439814,Garrett,Johns,Garrett Johns,USA,497,79
2503188,Martin,Landaluce,Martin Landaluce,Spain,162,368
2476920,Learner,Tien,Learner Tien,USA,125,475
1968462,Bruno,Kuzuhara,Bruno Kuzuhara,USA,435,99
1210098,Jie,Cui,Jie Cui,China,355,136
2303934,Arthur,Gea,Arthur Gea,France,309,168
2264946,Kilian,Feldbausch,Kilian Feldbausch,Switzerland,418,109
1283718,Morillo,Lopez,Morillo Lopez,Spain,499,84
671154,Vadym,Ursu,Vadym Ursu,Ukraine,327,157
1184688,Hazem,Naw,Hazem Naw,Syria,299,173
1382076,Neil,Oberleitner,Neil Oberleitner,Austria,452,92
1153488,Matthew,Dellavedova,Matthew Dellavedova,Australia,358,135
2382096,Lautaro,Midon,Lautaro Midon,Argentina,422,107
1876578,Orel,Kimhi,Orel Kimhi,Israel,466,93
2233878,Jakub,Nicod,Jakub Nicod,Czechia,314,163
2319018,Bor,Artnak,Bor Artnak,Slovenia,386,125
1689102,Andrea,Picchione,Andrea Picchione,Italy,335,149
708252,Denys,Klok,Denys Klok,Russia,496,81
1471854,Hamish,Stewart,Hamish Stewart,United Kingdom,494,80
2423226,Joao,Fonseca,Joao Fonseca,Brazil,151,388
363516,Yurii,Dzhavakian,Yurii Dzhavakian,Ukraine,463,89
1466526,Nikolay,Vylegzhanin,Nikolay Vylegzhanin,Russia,498,79
2999016,Elmer,Moeller,Elmer Moeller,Denmark,282,196
1446246,Matias,Soto,Matias Soto,Chile,300,173
1389486,Lorenzo,Rodriguez,Lorenzo Rodriguez,Argentina,467,91
1010532,Andres,Andrade,Andres Andrade,Ecuador,246,231
1469922,Andre,Ilagan,Andre Ilagan,USA,374,129
2352444,Angelo,Prado,Angelo Prado,Bolivia,277,192
1338924,Hikaru,Shiraishi,Hikaru Shiraishi,Japan,490,82
1980522,Stefan,Popovic,Stefan Popovic,Serbia,438,98
2316654,Mendez,Pacheco,Mendez Pacheco,Mexico,428,102
1993836,Petr,Nesterov,Petr Nesterov,Bulgaria,384,127
2689116,Joel,Schwarzler,Joel Schwarzler,Austria,346,141
1398372,Ryan,Seggerman,Ryan Seggerman,USA,392,121
2133174,Alexander,Jong,Alexander Jong,Netherlands,463,96
2313564,Edas,Butvilas,Edas Butvilas,Lithuania,255,214
1605468,Arthur,Bouquier,Arthur Bouquier,France,421,107
1428894,Philip,Henning,Philip Henning,South Africa,404,114
1931184,Andres,Martin,Andres Martin,USA,439,97
1545834,Kiranpal,Pannu,Kiranpal Pannu,New Zealand,437,98
1655700,Jacob,Fearnley,Jacob Fearnley,United Kingdom,98,614
1347216,Luka,Pavlovic,Luka Pavlovic,France,363,133
1444794,Franco,Roncadelli,Franco Roncadelli,Uruguay,361,134
1732500,Eliot,Spizzirri,Eliot Spizzirri,USA,245,231
2057466,Ilia,Simakin,Ilia Simakin,Russia,359,134
1688694,Gurri,Alcala,Gurri Alcala,Spain,462,89
2485386,Michael,Agwi,Michael Agwi,Ireland,427,102
1493082,Lilian,Marmousez,Lilian Marmousez,France,401,116
2285892,Gabriele,Pennaforti,Gabriele Pennaforti,Italy,434,100
1011156,Dan,Tomescu,Dan Tomescu,Romania,479,85
2096940,Lukas,Pokorny,Lukas Pokorny,Slovakia,472,86
2107236,Olaf,Pieczkowski,Olaf Pieczkowski,Poland,493,80
1622496,Tomas,Farjat,Tomas Farjat,Argentina,455,91
2175684,Mika,Brunold,Mika Brunold,Switzerland,441,97
1532520,Guido,Justo,Guido Justo,Argentina,477,85
2280264,Tom,Gentzsch,Tom Gentzsch,Germany,467,88
334482,Christoph,Negritu,Christoph Negritu,Germany,408,114
725760,Peter,Bertran,Peter Bertran,Dominican Republic,490,81
2711532,Quilez,Sanchez,Quilez Sanchez,Spain,493,82
1364694,Tommaso,Compagnucci,Tommaso Compagnucci,Italy,447,96
1351650,Chris,Rodesch,Chris Rodesch,Luxembourg,416,111
2704122,Yi,Zhou,Yi Zhou,China,381,127
1959156,Alessandro,Pecci,Alessandro Pecci,Italy,445,96
1187622,Masamichi,Imamura,Masamichi Imamura,Japan,360,134
2376720,Jacob,Bradshaw,Jacob Bradshaw,Australia,495,80
1340898,Krom,De,Krom De,Netherlands,496,80
1869528,Egor,Agafonov,Egor Agafonov,Russia,489,82
1360848,Florent,Bax,Florent Bax,France,455,92
2418900,Justin,Engel,Justin Engel,Germany,400,116
1381848,Kasidit,Samrej,Kasidit Samrej,Thailand,469,87
2553162,Gianluca,Cadenasso,Gianluca Cadenasso,Italy,487,82
709008,Aleksandre,Bakshi,Aleksandre Bakshi,Georgia,484,83
1801788,Max,Wiskandt,Max Wiskandt,Germany,499,79
1998054,Murphy,Cassone,Murphy Cassone,USA,328,156
2351202,Colton,Smith,Colton Smith,USA,390,122
2242986,Biryukov,Bar,Biryukov Bar,Russia,499,78
1739664,Pedro,Araujo,Pedro Araujo,Portugal,476,85
1882944,Johannus,Monday,Johannus Monday,United Kingdom,481,84
